{
  "adan56": {
    "mem_bytes": 414879920,
    "allocs": 3033538,
    "min_time_ns": 2.3544116317e10,
    "gc_pct": 0.002369051709098384,
    "median_time_ns": 2.3775543967e10
  },
  "ibif": {
    "mem_bytes": 34247264,
    "allocs": 374499,
    "min_time_ns": 9.37438121e8,
    "gc_pct": 0.005005171962704939,
    "median_time_ns": 9.43376233e8
  },
  "cca": {
    "mem_bytes": 5958288,
    "allocs": 101297,
    "min_time_ns": 1.82439462e8,
    "gc_pct": 0.0,
    "median_time_ns": 1.89754893e8
  }
}
