{
  "adan56": {
    "mem_bytes": 540121424,
    "allocs": 6155126,
    "min_time_ns": 2.6612918872e10,
    "gc_pct": 0.0028170959134767694,
    "median_time_ns": 2.7224672831e10
  },
  "ibif": {
    "mem_bytes": 41139632,
    "allocs": 546793,
    "min_time_ns": 9.95352178e8,
    "gc_pct": 0.0047531528081912735,
    "median_time_ns": 1.013703105e9
  },
  "cca": {
    "mem_bytes": 5983024,
    "allocs": 102071,
    "min_time_ns": 1.84980273e8,
    "gc_pct": 0.0,
    "median_time_ns": 2.09660367e8
  }
}
