{
  "adan56": {
    "mem_bytes": 596270688,
    "allocs": 7311150,
    "min_time_ns": 2.5203211034e10,
    "gc_pct": 0.0031438362712239154,
    "median_time_ns": 2.6591060013e10
  },
  "ibif": {
    "mem_bytes": 44857824,
    "allocs": 621516,
    "min_time_ns": 1.028456718e9,
    "gc_pct": 0.008230201477472386,
    "median_time_ns": 1.164292189e9
  },
  "cca": {
    "mem_bytes": 6470112,
    "allocs": 112457,
    "min_time_ns": 1.86679216e8,
    "gc_pct": 0.014197922279682168,
    "median_time_ns": 1.88533362e8
  }
}
