{
  "adan56": {
    "mem_bytes": 596197936,
    "allocs": 7311111,
    "min_time_ns": 2.286994086e10,
    "gc_pct": 0.0032487243607152902,
    "median_time_ns": 2.4302977835e10
  },
  "ibif": {
    "mem_bytes": 44980464,
    "allocs": 621516,
    "min_time_ns": 9.90749618e8,
    "gc_pct": 0.00544586533466622,
    "median_time_ns": 1.000509853e9
  },
  "cca": {
    "mem_bytes": 6470112,
    "allocs": 112457,
    "min_time_ns": 1.87929909e8,
    "gc_pct": 0.01545035069431125,
    "median_time_ns": 1.95220393e8
  }
}
