{
  "adan56": {
    "mem_bytes": 540120464,
    "allocs": 6155114,
    "min_time_ns": 2.3891116911e10,
    "gc_pct": 0.002927710632389697,
    "median_time_ns": 2.3991549324e10
  },
  "ibif": {
    "mem_bytes": 41139392,
    "allocs": 546790,
    "min_time_ns": 1.088370643e9,
    "gc_pct": 0.005013002725763525,
    "median_time_ns": 1.151627188e9
  },
  "cca": {
    "mem_bytes": 5983024,
    "allocs": 102071,
    "min_time_ns": 1.86074401e8,
    "gc_pct": 0.0,
    "median_time_ns": 1.87555161e8
  }
}
