{
  "adan56": {
    "mem_bytes": 596271168,
    "allocs": 7311135,
    "min_time_ns": 2.5142759642e10,
    "gc_pct": 0.0038885018745787522,
    "median_time_ns": 2.6113173104e10
  },
  "ibif": {
    "mem_bytes": 44882160,
    "allocs": 621516,
    "min_time_ns": 9.73553107e8,
    "gc_pct": 0.005075099616522512,
    "median_time_ns": 1.0517955e9
  },
  "cca": {
    "mem_bytes": 6470112,
    "allocs": 112457,
    "min_time_ns": 1.92005018e8,
    "gc_pct": 0.0,
    "median_time_ns": 1.94278015e8
  }
}
