{
  "adan56": {
    "mem_bytes": 565994624,
    "allocs": 6848141,
    "min_time_ns": 2.3513423823e10,
    "gc_pct": 0.002844417873954128,
    "median_time_ns": 2.5065836869e10
  },
  "ibif": {
    "mem_bytes": 42953792,
    "allocs": 592690,
    "min_time_ns": 1.152157046e9,
    "gc_pct": 0.004867072609127628,
    "median_time_ns": 1.219961274e9
  },
  "cca": {
    "mem_bytes": 6251824,
    "allocs": 108871,
    "min_time_ns": 1.89051913e8,
    "gc_pct": 0.0,
    "median_time_ns": 1.90467756e8
  }
}
