{
  "adan56": {
    "mem_bytes": 596119632,
    "allocs": 7311105,
    "min_time_ns": 2.3785850719e10,
    "gc_pct": 0.003236453928406579,
    "median_time_ns": 2.4087627888e10
  },
  "ibif": {
    "mem_bytes": 44906736,
    "allocs": 621516,
    "min_time_ns": 9.54808981e8,
    "gc_pct": 0.00536486470271272,
    "median_time_ns": 9.704156e8
  },
  "cca": {
    "mem_bytes": 6470112,
    "allocs": 112457,
    "min_time_ns": 1.81954871e8,
    "gc_pct": 0.0,
    "median_time_ns": 1.8527036e8
  }
}
