{
  "adan56": {
    "mem_bytes": 596588016,
    "allocs": 7311123,
    "min_time_ns": 2.4287452809e10,
    "gc_pct": 0.0033871516559165742,
    "median_time_ns": 2.4579798196e10
  },
  "ibif": {
    "mem_bytes": 44898784,
    "allocs": 621519,
    "min_time_ns": 9.60109253e8,
    "gc_pct": 0.005665630221772271,
    "median_time_ns": 9.62706255e8
  },
  "cca": {
    "mem_bytes": 6470352,
    "allocs": 112457,
    "min_time_ns": 2.08950018e8,
    "gc_pct": 0.0,
    "median_time_ns": 2.17250679e8
  }
}
