{
  "adan56": {
    "mem_bytes": 414881600,
    "allocs": 3033559,
    "min_time_ns": 3.6276731861e10,
    "gc_pct": 0.0017567100102672615,
    "median_time_ns": 4.19010281035e10
  },
  "ibif": {
    "mem_bytes": 34247264,
    "allocs": 374499,
    "min_time_ns": 8.95338545e8,
    "gc_pct": 0.005684440850248438,
    "median_time_ns": 1.128350754e9
  },
  "cca": {
    "mem_bytes": 5958288,
    "allocs": 101297,
    "min_time_ns": 1.70707425e8,
    "gc_pct": 0.0,
    "median_time_ns": 1.72950732e8
  }
}
