{
  "adan56": {
    "mem_bytes": 540121424,
    "allocs": 6155126,
    "min_time_ns": 2.5246989356e10,
    "gc_pct": 0.003229486528088668,
    "median_time_ns": 2.5499268013e10
  },
  "ibif": {
    "mem_bytes": 41139392,
    "allocs": 546790,
    "min_time_ns": 1.067786074e9,
    "gc_pct": 0.004509643005514604,
    "median_time_ns": 1.143220215e9
  },
  "cca": {
    "mem_bytes": 5983024,
    "allocs": 102071,
    "min_time_ns": 1.81796866e8,
    "gc_pct": 0.0,
    "median_time_ns": 1.84808171e8
  }
}
