{
  "adan56": {
    "mem_bytes": 621552960,
    "allocs": 7519222,
    "min_time_ns": 2.4881400629e10,
    "gc_pct": 0.003228287956843541,
    "median_time_ns": 2.6476981738e10
  },
  "ibif": {
    "mem_bytes": 203061920,
    "allocs": 962586,
    "min_time_ns": 1.007307367e9,
    "gc_pct": 0.024268760262129603,
    "median_time_ns": 1.013732699e9
  },
  "cca": {
    "mem_bytes": 70063392,
    "allocs": 249439,
    "min_time_ns": 2.02166179e8,
    "gc_pct": 0.030868956572602583,
    "median_time_ns": 2.02392401e8
  }
}
