{
  "adan56": {
    "mem_bytes": 540121184,
    "allocs": 6155123,
    "min_time_ns": 2.4769244529e10,
    "gc_pct": 0.0028461882605042934,
    "median_time_ns": 2.5166805728e10
  },
  "ibif": {
    "mem_bytes": 41139392,
    "allocs": 546790,
    "min_time_ns": 9.33045909e8,
    "gc_pct": 0.005488832811548183,
    "median_time_ns": 9.45881977e8
  },
  "cca": {
    "mem_bytes": 5983024,
    "allocs": 102071,
    "min_time_ns": 1.80072448e8,
    "gc_pct": 0.0,
    "median_time_ns": 1.83623683e8
  }
}
