{
  "adan56": {
    "mem_bytes": 414720576,
    "allocs": 3033237,
    "min_time_ns": 2.1358002236e10,
    "gc_pct": 0.0035396250157036457,
    "median_time_ns": 2.1868269319e10
  },
  "ibif": {
    "mem_bytes": 34255904,
    "allocs": 374489,
    "min_time_ns": 8.11274907e8,
    "gc_pct": 0.006167650394245461,
    "median_time_ns": 8.18537692e8
  },
  "cca": {
    "mem_bytes": 5955856,
    "allocs": 101295,
    "min_time_ns": 1.52704506e8,
    "gc_pct": 0.0,
    "median_time_ns": 1.70880463e8
  }
}
