{
  "adan56": {
    "mem_bytes": 566711104,
    "allocs": 6849705,
    "min_time_ns": 2.4229057424e10,
    "gc_pct": 0.002840238222880032,
    "median_time_ns": 2.4246054537e10
  },
  "ibif": {
    "mem_bytes": 42998336,
    "allocs": 592786,
    "min_time_ns": 1.020427056e9,
    "gc_pct": 0.005022468749593797,
    "median_time_ns": 1.055314554e9
  },
  "cca": {
    "mem_bytes": 6257392,
    "allocs": 108883,
    "min_time_ns": 1.71671216e8,
    "gc_pct": 0.0,
    "median_time_ns": 1.78164528e8
  }
}
