{
  "adan56": {
    "mem_bytes": 596197440,
    "allocs": 7311138,
    "min_time_ns": 2.3984973212e10,
    "gc_pct": 0.0033367875916558683,
    "median_time_ns": 2.4715403824e10
  },
  "ibif": {
    "mem_bytes": 44923360,
    "allocs": 621516,
    "min_time_ns": 9.64086596e8,
    "gc_pct": 0.0058184389486107945,
    "median_time_ns": 9.69351249e8
  },
  "cca": {
    "mem_bytes": 6474208,
    "allocs": 112457,
    "min_time_ns": 1.83666332e8,
    "gc_pct": 0.0,
    "median_time_ns": 1.9338164e8
  }
}
