{
  "adan56": {
    "mem_bytes": 414882800,
    "allocs": 3033574,
    "min_time_ns": 2.3020955977e10,
    "gc_pct": 0.0023586920566743587,
    "median_time_ns": 2.3593027092e10
  },
  "ibif": {
    "mem_bytes": 34247264,
    "allocs": 374499,
    "min_time_ns": 1.107875695e9,
    "gc_pct": 0.005520678924182013,
    "median_time_ns": 1.161604169e9
  },
  "cca": {
    "mem_bytes": 5958288,
    "allocs": 101297,
    "min_time_ns": 1.88855426e8,
    "gc_pct": 0.0,
    "median_time_ns": 1.93942999e8
  }
}
