{
  "adan56": {
    "mem_bytes": 607034640,
    "allocs": 11046320,
    "min_time_ns": 2.0670984002e10,
    "gc_pct": 0.003955821357710322,
    "median_time_ns": 2.1114957111e10
  },
  "ibif": {
    "mem_bytes": 46534816,
    "allocs": 886104,
    "min_time_ns": 8.47384121e8,
    "gc_pct": 0.007538151638317046,
    "median_time_ns": 8.50170413e8
  },
  "cca": {
    "mem_bytes": 7599648,
    "allocs": 169787,
    "min_time_ns": 2.00764338e8,
    "gc_pct": 0.023326852002968773,
    "median_time_ns": 2.19406858e8
  }
}
