{
  "adan56": {
    "mem_bytes": 415316800,
    "allocs": 3034779,
    "min_time_ns": 2.3133797561e10,
    "gc_pct": 0.0022827232693099298,
    "median_time_ns": 2.7357706305e10
  },
  "ibif": {
    "mem_bytes": 34321760,
    "allocs": 376348,
    "min_time_ns": 9.72481064e8,
    "gc_pct": 0.007845303402226451,
    "median_time_ns": 1.113509933e9
  },
  "cca": {
    "mem_bytes": 5985408,
    "allocs": 102126,
    "min_time_ns": 1.87234662e8,
    "gc_pct": 0.0,
    "median_time_ns": 1.94417807e8
  }
}
