{
  "adan56": {
    "mem_bytes": 414879440,
    "allocs": 3033532,
    "min_time_ns": 2.3311418078e10,
    "gc_pct": 0.0023684608896490144,
    "median_time_ns": 2.358967287e10
  },
  "ibif": {
    "mem_bytes": 34247264,
    "allocs": 374499,
    "min_time_ns": 1.626045703e9,
    "gc_pct": 0.003032115881431655,
    "median_time_ns": 1.952728987e9
  },
  "cca": {
    "mem_bytes": 5958288,
    "allocs": 101297,
    "min_time_ns": 1.91172066e8,
    "gc_pct": 0.0,
    "median_time_ns": 1.938703e8
  }
}
