{
  "adan56": {
    "mem_bytes": 415018704,
    "allocs": 3037054,
    "min_time_ns": 1.7193876323e11,
    "gc_pct": 0.0017497583811136037,
    "median_time_ns": 1.7193876323e11
  },
  "ibif": {
    "mem_bytes": 34258432,
    "allocs": 374530,
    "min_time_ns": 3.548212983e9,
    "gc_pct": 0.003506759898465768,
    "median_time_ns": 4.28652364e9
  },
  "cca": {
    "mem_bytes": 5956496,
    "allocs": 101309,
    "min_time_ns": 7.5147369e8,
    "gc_pct": 0.0,
    "median_time_ns": 8.95842274e8
  }
}
