{
  "adan56": {
    "mem_bytes": 756356880,
    "allocs": 6471202,
    "min_time_ns": 1.35388204413e11,
    "gc_pct": 0.0014042391050556313,
    "median_time_ns": 1.35388204413e11
  },
  "ibif": {
    "mem_bytes": 593627408,
    "allocs": 6002287,
    "min_time_ns": 1.77105620661e11,
    "gc_pct": 0.0006009317637847071,
    "median_time_ns": 1.77105620661e11
  },
  "cca": {
    "mem_bytes": 155003536,
    "allocs": 1608177,
    "min_time_ns": 6.8853765439e10,
    "gc_pct": 0.000455408020172548,
    "median_time_ns": 6.8853765439e10
  }
}
