{
  "adan56": {
    "mem_bytes": 414719472,
    "allocs": 3033223,
    "min_time_ns": 2.0136015977e10,
    "gc_pct": 0.00280381313088387,
    "median_time_ns": 2.0562571826e10
  },
  "ibif": {
    "mem_bytes": 34255840,
    "allocs": 374487,
    "min_time_ns": 7.84955007e8,
    "gc_pct": 0.005928265898684814,
    "median_time_ns": 8.01119704e8
  },
  "cca": {
    "mem_bytes": 5955792,
    "allocs": 101293,
    "min_time_ns": 1.60745956e8,
    "gc_pct": 0.020820374479591886,
    "median_time_ns": 1.64679447e8
  }
}
