{
  "adan56": {
    "mem_bytes": 540123344,
    "allocs": 6155150,
    "min_time_ns": 2.3654119544e10,
    "gc_pct": 0.002776320204091381,
    "median_time_ns": 2.3926456339e10
  },
  "ibif": {
    "mem_bytes": 41139392,
    "allocs": 546790,
    "min_time_ns": 9.63165626e8,
    "gc_pct": 0.007457523198611326,
    "median_time_ns": 1.286241621e9
  },
  "cca": {
    "mem_bytes": 5983024,
    "allocs": 102071,
    "min_time_ns": 2.05764155e8,
    "gc_pct": 0.0,
    "median_time_ns": 2.17408616e8
  }
}
