{
  "adan56": {
    "mem_bytes": 414720016,
    "allocs": 3033223,
    "min_time_ns": 2.0388098126e10,
    "gc_pct": 0.0034247285631295375,
    "median_time_ns": 2.0539573357e10
  },
  "ibif": {
    "mem_bytes": 34256016,
    "allocs": 374491,
    "min_time_ns": 8.49941254e8,
    "gc_pct": 0.007009790349581031,
    "median_time_ns": 8.58660731e8
  },
  "cca": {
    "mem_bytes": 5955936,
    "allocs": 101297,
    "min_time_ns": 1.68180118e8,
    "gc_pct": 0.0,
    "median_time_ns": 1.78544787e8
  }
}
