{
  "adan56": {
    "mem_bytes": 414719616,
    "allocs": 3033225,
    "min_time_ns": 2.1141597673e10,
    "gc_pct": 0.0029823710570617856,
    "median_time_ns": 2.8293753912e10
  },
  "ibif": {
    "mem_bytes": 34255904,
    "allocs": 374489,
    "min_time_ns": 8.3818142e8,
    "gc_pct": 0.006195519103728164,
    "median_time_ns": 9.13444346e8
  },
  "cca": {
    "mem_bytes": 5955856,
    "allocs": 101295,
    "min_time_ns": 2.3363263e8,
    "gc_pct": 0.0,
    "median_time_ns": 2.79070703e8
  }
}
