{
  "adan56": {
    "mem_bytes": 565993184,
    "allocs": 6848123,
    "min_time_ns": 2.4210501036e10,
    "gc_pct": 0.003044612950818074,
    "median_time_ns": 2.483178287e10
  },
  "ibif": {
    "mem_bytes": 42953792,
    "allocs": 592690,
    "min_time_ns": 9.42141846e8,
    "gc_pct": 0.0064405206347240415,
    "median_time_ns": 9.49671059e8
  },
  "cca": {
    "mem_bytes": 6251824,
    "allocs": 108871,
    "min_time_ns": 1.8086647e8,
    "gc_pct": 0.0,
    "median_time_ns": 1.86582344e8
  }
}
