{
  "adan56": {
    "mem_bytes": 540121424,
    "allocs": 6155126,
    "min_time_ns": 2.6696284174e10,
    "gc_pct": 0.003281177014339344,
    "median_time_ns": 2.6736341568e10
  },
  "ibif": {
    "mem_bytes": 41139392,
    "allocs": 546790,
    "min_time_ns": 9.81556332e8,
    "gc_pct": 0.005892412703624635,
    "median_time_ns": 9.93184899e8
  },
  "cca": {
    "mem_bytes": 5983024,
    "allocs": 102071,
    "min_time_ns": 2.10119708e8,
    "gc_pct": 0.0,
    "median_time_ns": 2.41782811e8
  }
}
