{
  "adan56": {
    "mem_bytes": 414719856,
    "allocs": 3033228,
    "min_time_ns": 2.8443563402e10,
    "gc_pct": 0.00570253437333365,
    "median_time_ns": 3.02319679925e10
  },
  "ibif": {
    "mem_bytes": 34255904,
    "allocs": 374489,
    "min_time_ns": 9.0205753e8,
    "gc_pct": 0.007031425146464883,
    "median_time_ns": 1.075542907e9
  },
  "cca": {
    "mem_bytes": 5955856,
    "allocs": 101295,
    "min_time_ns": 1.54893169e8,
    "gc_pct": 0.0,
    "median_time_ns": 1.72684327e8
  }
}
