{
  "adan56": {
    "mem_bytes": 540125024,
    "allocs": 6155171,
    "min_time_ns": 2.7712266902e10,
    "gc_pct": 0.0029269932079842237,
    "median_time_ns": 2.8416540418e10
  },
  "ibif": {
    "mem_bytes": 41139392,
    "allocs": 546790,
    "min_time_ns": 1.019179808e9,
    "gc_pct": 0.008046248498675123,
    "median_time_ns": 1.062758434e9
  },
  "cca": {
    "mem_bytes": 5983024,
    "allocs": 102071,
    "min_time_ns": 1.92340784e8,
    "gc_pct": 0.0,
    "median_time_ns": 1.97901037e8
  }
}
